"","Year","Region","Commodity","Distance","Function","Status","Num_employee","Employee_hour","Hours_office","Hours_operation","Hours_other","Safety_cost","Num_accidents"
"1",2020,48,"5",0,"4","3",8,16208.29,5286.68,10921.61,0,1.05,0
"2",2020,48,"5",0,"4","6",3,6419.48,2220.9,4198.59,0,1.37,0
"3",2020,48,"5",0,"4","3",7,8091.74,2301.92,5789.82,0,0.98,0
"4",2020,48,"1",0,"1","4",7,1488.12,0,1488.12,0,2.44,0
"5",2020,48,"1",0,"1","3",4,8795.25,0,8795.25,0,2.38,0
"6",2020,48,"5",0,"4","4",2,1616.46,0,1616.46,0,1.05,0
"7",2020,48,"1",0,"1","4",1,32.16,0,32.16,0,3.61,0
"8",2020,48,"1",0,"1","4",2,901.47,0,901.47,0,2.62,0
"9",2020,48,"1",0,"1","3",8,14467.2,2640.95,11826.25,0,2.48,0
"10",2020,48,"5",0,"4","3",3,5684.16,0,5684.16,0,1.08,0
"11",2020,48,"1",0,"1","3",12,27803.81,0,27803.81,0,2.6,0
"12",2020,48,"2",0,"4","4",3,2951.14,780.83,2170.31,0,0.97,0
"13",2020,48,"5",0,"3","4",17,33889.6,7790.3,0,26099.3,0.02,1
"14",2020,48,"1",0,"1","4",3,1401.25,166.25,1235,0,3.15,0
"15",2020,48,"5",0,"4","6",4,5979.04,1860.83,4118.21,0,1.44,0
"16",2020,48,"1",0,"1","6",2,3111.32,0,3111.32,0,3.81,0
"17",2017,49,"5",0,"4","4",5,14135.87,0,14135.87,0,0.64,0
"18",2017,49,"2",0,"4","3",63,126517.78,17358.38,109159.4,0,1.3,1
"19",2017,49,"5",0,"4","3",95,194177.31,48150.08,18226.03,127801.2,1.18,3
"20",2017,49,"5",0,"4","3",12,24096.89,0,24096.89,0,0.3,0
"21",2017,49,"5",0,"4","4",3,6997.46,0,6997.46,0,0.53,0
"22",2017,49,"5",0,"4","3",19,37081.05,3947.52,20993.1,12140.43,0.5,1
"23",2017,49,"2",0,"4","3",90,204177.82,25105.81,179072.01,0,1.46,1
"24",2017,49,"1",0,"1","4",5,5749.3,138.86,5610.44,0,2.89,0
"25",2017,49,"2",0,"4","3",32,72079.77,7550.66,64529.11,0,1.34,0
"26",2017,49,"1",0,"1","3",7,13956.19,5816.5,8139.69,0,1.97,0
"27",2017,49,"2",0,"4","4",16,23451.54,6251.41,17200.13,0,1.4,0
"28",2017,49,"5",0,"4","4",2,902.13,3,899.13,0,3.48,0
"29",2017,49,"1",0,"1","4",3,5489.32,2061.36,3427.95,0,2.19,0
"30",2017,49,"2",0,"4","4",7,8627.57,169.95,8457.62,0,1.29,0
"31",2017,49,"5",0,"4","4",6,7271.96,2571.16,4700.8,0,0.59,0
"32",2017,49,"1",0,"1","4",1,12.31,12.31,0,0,2.44,0
"33",2017,49,"5",0,"4","4",3,3798.62,0,3798.62,0,0.21,0
"34",2017,49,"1",0,"1","4",6,12272.91,1649.59,10623.33,0,2.87,0
"35",2017,49,"5",0,"4","3",4,8923.81,0,8923.81,0,0.06,0
"36",2017,49,"5",0,"4","4",4,11683.11,0,11683.11,0,0.53,0
"37",2017,49,"1",0,"1","4",6,15135.14,3860.9,11274.24,0,2.76,0
"38",2017,49,"5",0,"4","6",14,19097.33,6303.44,5522.38,7271.51,0.54,0
"39",2017,49,"5",0,"4","4",2,4046.38,0,4046.38,0,0.57,0
"40",2017,49,"1",0,"1","4",2,676.82,3,673.82,0,3.3,0
"41",2017,49,"5",0,"4","4",2,2303.63,0,2303.63,0,1.01,0
"42",2017,49,"5",0,"4","4",4,10861.77,0,10861.77,0,0.39,0
"43",2017,49,"1",0,"1","4",1,1223.02,0,1223.02,0,2.86,0
"44",2017,49,"1",0,"1","4",2,1280.03,0,1280.03,0,2.35,0
"45",2017,49,"5",0,"4","4",14,23531.08,6325.57,10725.1,6480.41,0.6,0
"46",2017,49,"2",0,"4","4",3,63.41,2.21,61.2,0,1.26,0
"47",2017,49,"5",0,"4","3",21,50297.79,5496.52,23290.22,21511.05,1.23,1
"48",2017,49,"5",0,"4","4",3,1742.25,3.98,1738.26,0,0.04,0
"49",2017,49,"5",0,"4","4",3,412.7,0,412.7,0,0.37,0
"50",2017,49,"1",0,"1","4",3,47.63,4.33,43.3,0,1.77,0
"51",2017,49,"1",0,"1","4",3,4936.97,0,4936.97,0,1.79,0
"52",2017,49,"1",0,"1","4",1,128.68,0,128.68,0,1.72,0
"53",2017,49,"1",0,"1","3",2,6609.8,0,6609.8,0,1.54,0
"54",2017,49,"1",0,"1","4",2,862.77,39.94,822.82,0,2.54,0
"55",2017,49,"1",0,"1","4",4,1025.11,4.01,1021.1,0,2.95,0
"56",2017,49,"1",0,"1","4",1,663.46,0,663.46,0,2.11,0
"57",2017,49,"1",0,"1","4",2,1076.65,3,1073.65,0,1.76,0
"58",2017,49,"5",0,"4","4",2,266.96,0,266.96,0,0.74,0
"59",2017,49,"1",0,"1","4",5,5736.6,1107.64,4628.96,0,2.04,0
"60",2017,49,"1",0,"1","4",2,4136.88,0,4136.88,0,1.82,0
"61",2017,49,"5",0,"3","3",21,45887.03,6263.46,0,39623.57,0.34,1
"62",2017,49,"5",0,"4","4",2,851.35,0,851.35,0,0.75,0
"63",2017,49,"1",0,"1","4",4,6667.96,0,6667.96,0,2.15,0
"64",2017,49,"1",0,"1","4",2,3094.88,1,0,3093.89,3.05,0
"65",2017,49,"5",0,"4","4",6,9157.9,1539.64,7618.26,0,0.04,0
"66",2017,49,"1",0,"1","4",2,41.13,20.56,20.56,0,1.81,0
"67",2017,49,"1",0,"1","4",1,1519.5,0,1519.5,0,2.1,0
"68",2017,49,"1",0,"1","4",3,27.78,0,27.78,0,2.24,0
"69",2017,49,"1",0,"1","4",2,415.2,3.86,411.34,0,3.21,0
"70",2017,49,"5",0,"4","4",3,3614.28,1,3613.28,0,0.25,0
"71",2017,49,"1",0,"1","4",4,4402.71,107.97,4294.74,0,2.33,0
"72",2017,49,"5",0,"4","3",3,6439.91,0,6439.91,0,0.1,0
"73",2017,49,"1",0,"1","4",2,2315.86,0,2315.86,0,1.82,0
"74",2017,49,"1",0,"1","4",3,6249.38,0,6249.38,0,2.55,0
"75",2017,49,"1",0,"1","4",5,207.73,3.92,203.81,0,2.69,0
"76",2017,49,"1",0,"1","4",2,1598.23,0,1598.23,0,2.21,0
"77",2017,49,"5",0,"4","4",4,6462.76,1960.84,4501.92,0,0.8,0
"78",2017,49,"1",0,"1","4",3,2591.65,52.19,2539.45,0,2.89,0
"79",2017,49,"1",0,"1","4",2,700.42,0.99,699.43,0,2.04,0
"80",2017,49,"1",0,"1","4",3,2605.24,3.01,2602.23,0,2.41,0
"81",2017,49,"1",0,"1","6",2,84.42,0,84.42,0,3,0
"82",2017,49,"1",0,"1","4",2,691.72,0,691.72,0,3.57,0
"83",2017,49,"1",0,"1","4",2,74.56,3.98,70.58,0,3.3,0
"84",2017,49,"1",0,"1","4",2,1939.32,1,1938.32,0,1.56,0
"85",2017,49,"1",0,"1","4",4,1391.14,15.08,1376.06,0,2.15,0
"86",2017,49,"1",0,"1","6",5,5816.78,8.02,5808.76,0,3.13,0
"87",2017,49,"1",0,"1","4",4,6166.29,3,6163.3,0,2.45,0
"88",2017,49,"5",0,"4","4",2,3307.46,0,3307.46,0,0.33,0
"89",2017,49,"1",0,"1","4",2,4271.77,0,4271.77,0,2.69,0
"90",2017,49,"1",0,"1","4",4,219.41,5.46,213.94,0,2.79,0
"91",2017,49,"1",0,"1","4",2,161.01,2.98,158.03,0,2.28,0
"92",2017,49,"1",0,"1","3",9,12654.64,1559.96,11094.69,0,1.6,0
"93",2017,49,"1",0,"1","4",1,1378.09,0,1378.09,0,3.06,0
"94",2017,49,"5",0,"4","4",2,1172.54,0,1172.54,0,0.54,0
"95",2017,49,"5",0,"4","4",5,3987.99,2,3985.99,0,3.81,0
"96",2017,49,"5",0,"4","3",12,19264.58,3219.42,16045.16,0,3.8,0
"97",2017,49,"1",0,"1","4",3,14.45,1.81,12.64,0,2.51,0
"98",2017,49,"1",0,"1","4",2,493.66,14.78,478.88,0,2.43,0
"99",2017,49,"1",0,"1","4",2,2660.01,0,2660.01,0,2.8,0
"100",2017,49,"1",0,"1","4",6,4629.31,192.76,4436.55,0,2.76,0
"101",2017,49,"1",0,"1","4",1,60.88,0,60.88,0,3.4,0
"102",2017,49,"5",0,"4","4",4,12884.16,0,12884.16,0,0.18,0
"103",2017,49,"1",0,"1","4",2,1238.47,431.39,807.08,0,2.47,0
"104",2017,49,"1",0,"1","4",2,3366.21,0,3366.21,0,3.09,0
"105",2017,49,"5",0,"4","3",27,45505.84,7090.94,18922.83,19492.07,3.89,1
"106",2017,49,"5",0,"4","4",3,5290.77,0,5290.77,0,3.95,0
"107",2017,49,"1",0,"1","4",2,1364.83,0,1364.83,0,3.62,0
"108",2017,49,"5",0,"4","4",10,7302.05,1909.32,5392.73,0,0.56,0
"109",2017,49,"5",0,"4","4",2,181.03,0,181.03,0,0.32,0
"110",2017,49,"1",0,"1","4",2,914.72,0.99,913.73,0,2.89,0
"111",2017,49,"1",0,"1","4",4,942.09,604.13,337.95,0,3.24,0
"112",2017,49,"1",0,"1","4",1,145.57,0,145.57,0,2.93,0
"113",2017,49,"1",0,"1","4",1,1805.34,0,1805.34,0,2.2,0
"114",2017,49,"1",0,"1","4",4,5365.8,8.02,5357.78,0,2.91,0
"115",2017,49,"1",0,"1","4",3,340.31,2.03,338.28,0,2.38,0
"116",2017,49,"1",0,"1","4",1,390.03,0,390.03,0,2.08,0
"117",2017,49,"1",0,"1","4",3,37.29,0.91,36.38,0,3.49,0
"118",2017,49,"1",0,"1","4",3,1389.39,3.01,1386.38,0,2.38,0
"119",2017,49,"5",0,"4","4",1,1208.58,0,1208.58,0,2.66,0
"120",2017,49,"1",0,"1","4",1,103.34,0,103.34,0,2.78,0
"121",2017,49,"1",0,"1","4",2,2627.42,833.79,1793.63,0,2.09,0
"122",2017,49,"5",0,"4","3",15,26181.79,2032.91,22099.98,2048.9,3.49,0
"123",2017,49,"1",0,"1","4",4,1394.58,2.97,1391.61,0,2.93,0
"124",2017,49,"1",0,"1","3",2,3687.68,0,3687.68,0,1.65,0
"125",2017,49,"1",0,"1","4",1,346.13,0,346.13,0,2.18,0
"126",2017,49,"1",0,"1","4",1,13.5,13.5,0,0,2.74,0
"127",2018,49,"5",0,"3","3",61,130415.61,19898.72,0,110516.89,0.01,2
"128",2018,49,"5",0,"4","3",91,187890.97,47539,16565.35,123786.61,1.25,2
"129",2018,49,"2",0,"4","3",47,120855.6,11331.28,109524.33,0,1.37,1
"130",2018,49,"5",0,"3","3",87,160292.53,46156.05,0,114136.48,0.78,2
"131",2018,49,"1",0,"1","3",85,193398.62,5200.02,188198.6,0,2.39,1
"132",2018,49,"2",0,"4","3",25,57452.58,3779.45,0,53673.13,1.53,1
"133",2018,49,"5",0,"4","3",19,49676.46,4774.08,44902.38,0,0.4,1
"134",2018,49,"5",0,"4","3",45,92812.81,25279.68,0,67533.13,0.02,1
"135",2018,49,"1",0,"1","4",2,3281.32,0,3281.32,0,1.88,0
"136",2018,49,"5",0,"4","3",16,38700.98,10234.47,25665.66,2800.85,0.62,0
"137",2018,49,"1",0,"1","4",4,8565.56,0,8565.56,0,2.84,0
"138",2018,49,"1",0,"1","4",2,3455.27,0,3455.27,0,3.42,0
"139",2018,49,"1",0,"1","4",4,3004.27,84.37,2919.9,0,2.07,0
"140",2018,49,"1",0,"1","4",1,866.18,0,866.18,0,2.04,0
"141",2018,49,"1",0,"1","4",2,118.68,2.74,115.95,0,1.91,0
"142",2018,49,"5",0,"4","4",4,5393.44,79.89,5313.56,0,3.37,0
"143",2018,49,"1",0,"1","3",9,6634.7,781.14,5853.56,0,2.06,0
"144",2018,49,"1",0,"1","4",2,650.96,1.05,649.91,0,3.32,0
"145",2018,49,"1",0,"1","4",2,2556.81,0,2556.81,0,2.09,0
"146",2018,49,"1",0,"1","3",14,36709.72,5498.41,31211.31,0,2.06,0
"147",2018,49,"5",0,"4","4",3,4041.58,0,4041.58,0,0.17,0
"148",2018,49,"1",0,"1","4",3,2336.89,3.02,2333.87,0,2.59,0
"149",2018,49,"1",0,"1","3",8,9966.24,4561.16,5405.08,0,2.72,0
"150",2018,49,"1",0,"1","4",2,1934.45,0.99,1933.46,0,2.11,0
"151",2018,49,"5",0,"4","4",5,4638.07,1638.25,2999.81,0,0.3,0
"152",2018,49,"1",0,"1","3",3,2949.74,4,2945.74,0,1.52,0
"153",2018,49,"5",0,"4","6",5,2920.68,1,2919.68,0,3.47,0
"154",2018,49,"5",0,"4","4",3,3695.35,0,3695.35,0,0.25,0
"155",2018,49,"1",0,"1","4",3,2209.6,297.16,1912.44,0,2.37,0
"156",2018,49,"1",0,"1","4",3,2287.42,820.43,1466.99,0,1.49,0
"157",2018,49,"1",0,"1","4",3,3774.07,3.99,3770.08,0,2.63,0
"158",2018,49,"1",0,"1","4",3,620.07,1.99,618.07,0,2.14,0
"159",2018,49,"5",0,"4","3",6,8671.82,3111.01,5560.81,0,0.4,0
"160",2018,49,"1",0,"1","6",3,3888.63,0,3888.63,0,3.2,0
"161",2018,49,"5",0,"4","4",4,7387.58,1595.91,5791.67,0,3.51,0
"162",2018,49,"5",0,"4","4",1,170.32,0,170.32,0,3.48,0
"163",2018,49,"1",0,"1","4",3,1417.24,2.95,1414.29,0,1.93,0
"164",2018,49,"5",0,"4","4",4,4848.92,3.99,4844.93,0,0.27,0
"165",2018,49,"1",0,"1","4",4,5725.83,68.19,5657.64,0,2.9,0
"166",2018,49,"1",0,"1","4",3,3273.34,4,3269.34,0,1.92,0
"167",2018,49,"1",0,"1","4",3,1270.85,15.26,1255.59,0,2.19,0
"168",2018,49,"1",0,"1","4",9,14847.28,1560.55,13286.72,0,2.16,0
"169",2018,49,"5",0,"4","4",2,1034.07,0,1034.07,0,0.11,0
"170",2018,49,"1",0,"1","4",2,2164.77,0,2164.77,0,3.25,0
"171",2018,49,"1",0,"1","6",1,6.96,0,6.96,0,3.14,0
"172",2018,49,"5",0,"4","4",2,2334.02,1,2333.02,0,0.6,0
"173",2018,49,"5",0,"4","4",3,36.43,1.73,34.7,0,0.17,0
"174",2018,49,"2",0,"4","3",33,84087.91,4392.52,0,79695.39,1.34,1
"175",2018,49,"5",0,"4","3",8,20128.68,0,20128.68,0,1.22,0
"176",2018,49,"1",0,"1","4",2,896.51,2.98,0,893.53,3.16,0
"177",2018,49,"1",0,"1","6",1,4.35,4.35,0,0,3.17,0
"178",2018,49,"5",0,"4","4",5,1306.16,183.02,1123.13,0,0.74,0
"179",2018,49,"1",0,"1","4",1,251.97,0,251.97,0,3.49,0
"180",2018,49,"1",0,"1","4",4,5747.12,4.01,5743.12,0,2.01,0
"181",2018,49,"1",0,"1","4",2,1607.81,4,1603.81,0,2.49,0
"182",2018,49,"5",0,"4","3",3,4449.07,1171.6,3277.47,0,0.46,0
"183",2018,49,"5",0,"4","4",4,3210.28,890.75,892.74,1426.79,0.18,0
"184",2018,49,"5",0,"4","4",2,3618.23,0,3618.23,0,0.43,0
"185",2018,49,"1",0,"1","4",4,7602.35,0,7602.35,0,3.02,0
"186",2018,49,"1",0,"1","4",2,3.44,1.72,1.72,0,2.72,0
"187",2018,49,"1",0,"1","4",3,5579.88,0,5579.88,0,2.54,0
"188",2018,49,"1",0,"1","4",2,503.39,14.78,488.62,0,1.53,0
"189",2018,49,"1",0,"1","4",2,657.64,22.71,634.92,0,3.04,0
"190",2018,49,"5",0,"4","4",4,6756.16,0,6756.16,0,0.65,0
"191",2018,49,"5",0,"4","4",1,1257.76,0,1257.76,0,0.59,0
"192",2018,49,"1",0,"1","4",8,15049.86,1,15048.85,0,2.29,0
"193",2018,49,"1",0,"1","4",3,219.2,1,218.2,0,2.58,0
"194",2018,49,"5",0,"4","4",5,2846.19,34.07,2812.11,0,0.3,0
"195",2018,49,"1",0,"1","4",2,4323.05,0,4323.05,0,3.09,0
"196",2018,49,"1",0,"1","4",4,7172.9,1553.25,5619.65,0,2.59,0
"197",2018,49,"1",0,"1","4",1,160.53,0,160.53,0,1.82,0
"198",2018,49,"5",0,"4","4",5,15534.34,0,15534.34,0,0.13,0
"199",2018,49,"1",0,"1","4",1,497.54,0,497.54,0,3.11,0
"200",2018,49,"1",0,"1","4",4,1253.66,14.95,1238.71,0,1.97,0
"201",2018,49,"1",0,"1","4",2,790.11,0,790.11,0,3.35,0
"202",2018,49,"1",0,"1","4",2,50.7,3.38,47.32,0,3.15,0
"203",2018,49,"5",0,"4","4",2,1712.34,0,1712.34,0,0.47,0
"204",2018,49,"5",0,"4","3",2,4421.77,0,4421.77,0,0.44,0
"205",2018,49,"1",0,"1","4",2,373.07,15.5,357.56,0,2.08,0
"206",2018,49,"1",0,"1","4",3,2820.43,3.01,2817.42,0,1.65,0
"207",2018,49,"5",0,"4","4",2,3055.93,0,3055.93,0,0.11,0
"208",2018,49,"5",0,"4","6",5,132.38,2.15,130.23,0,0.4,0
"209",2018,49,"1",0,"1","4",2,809.45,0,809.45,0,2.17,0
"210",2018,49,"1",0,"1","4",1,12.59,12.59,0,0,3.62,0
"211",2018,49,"1",0,"1","4",4,626.11,0,626.11,0,2.5,0
"212",2018,49,"5",0,"4","4",4,12472.28,0,12472.28,0,0.18,0
"213",2018,49,"1",0,"1","4",4,6801.88,1733.42,5068.46,0,3.5,0
"214",2018,49,"1",0,"1","3",19,32169.83,8490.75,23679.08,0,2.51,0
"215",2018,49,"1",0,"1","4",3,3482.52,3,3479.52,0,2.89,0
"216",2018,49,"1",0,"1","4",1,15.75,15.75,0,0,3.54,0
"217",2018,49,"5",0,"4","4",1,1825.1,0,1825.1,0,0.17,0
"218",2018,49,"1",0,"1","4",2,962.27,4.01,958.27,0,2.42,0
"219",2018,49,"1",0,"1","4",2,1564.82,43.77,1521.05,0,3.52,0
"220",2018,49,"1",0,"1","4",1,63.52,0,63.52,0,1.6,0
"221",2018,49,"1",0,"1","4",2,779.17,641.9,137.26,0,2.76,0
"222",2018,49,"1",0,"1","4",3,5498.58,815.12,4683.46,0,2.17,0
"223",2018,49,"5",0,"4","3",11,20288.14,5201.09,10141.07,4945.98,0.27,0
"224",2018,49,"1",0,"1","4",1,1105.11,0,1105.11,0,2.47,0
"225",2018,49,"1",0,"1","4",2,38.85,4.57,34.28,0,2.49,0
"226",2018,49,"2",0,"4","3",39,82268.07,8002.94,74265.14,0,1.49,1
"227",2018,49,"1",0,"1","3",3,1645.06,434.81,1210.25,0,1.73,0
"228",2018,49,"2",0,"4","3",31,77488.62,2639.82,74848.8,0,1.51,1
"229",2018,49,"1",0,"1","4",2,1503.26,0,1503.26,0,3.72,0
"230",2018,49,"1",0,"1","4",2,99.02,0,99.02,0,3.31,0
"231",2018,49,"5",0,"4","4",3,1952.03,220.23,1731.8,0,0.61,0
"232",2018,49,"1",0,"1","4",1,85.56,0,85.56,0,3.06,0
"233",2018,49,"1",0,"1","4",3,1948.43,35.77,1912.66,0,2.32,0
"234",2018,49,"5",0,"4","4",2,1953.08,0,1953.08,0,0.42,0
"235",2018,49,"1",0,"1","4",2,885.7,3.98,881.72,0,3.11,0
"236",2018,49,"5",0,"4","4",3,3770.3,389.55,3380.75,0,0.03,0
"237",2018,49,"1",0,"1","4",1,18.57,0,18.57,0,3.36,0
"238",2018,49,"1",0,"1","3",5,3278.12,3.01,3275.11,0,2.54,0
"239",2018,49,"1",0,"1","4",3,1856.52,43.92,1812.6,0,2.13,0
"240",2018,49,"2",0,"4","3",21,50514.33,8005.32,42509.01,0,1.54,0
"241",2018,49,"1",0,"1","4",1,951.01,0,951.01,0,3.16,0
"242",2018,49,"1",0,"1","6",10,19939.73,3755.64,16184.08,0,3.72,0
"243",2018,49,"1",0,"1","4",3,3998.57,1,3997.57,0,3,0
"244",2018,49,"5",0,"4","4",3,1878.97,0,1878.97,0,0.12,0
"245",2019,49,"1",0,"1","3",66,189129.81,5199.75,183930.06,0,1.5,1
"246",2019,49,"5",0,"4","4",4,7958.11,0,7958.11,0,0.26,0
"247",2019,49,"2",0,"4","4",62,102653.2,20307.64,0,82345.55,1.5,1
"248",2019,49,"5",0,"4","3",11,29474.72,2588.36,24323.99,2562.37,0.28,0
"249",2019,49,"2",0,"4","4",19,31480.29,1560.66,29919.63,0,1.25,0
"250",2019,49,"2",0,"4","4",58,136362.28,25061.4,0,111300.88,1.42,2
"251",2019,49,"1",0,"1","4",3,2718.81,3,2715.81,0,3.05,0
"252",2019,49,"5",0,"4","3",13,24164.26,15941.75,7397.06,825.45,3.45,0
"253",2019,49,"1",0,"1","4",6,8708.21,4,8704.21,0,2.85,0
"254",2019,49,"5",0,"4","3",5,6133.35,937.05,5196.29,0,0.09,0
"255",2019,49,"5",0,"4","4",3,6370.59,0,6370.59,0,1.05,0
"256",2019,49,"5",0,"4","3",4,6967.19,0,6967.19,0,0.25,0
"257",2019,49,"2",0,"4","3",17,33349.41,4376.97,7817.74,21154.7,1.25,0
"258",2019,49,"1",0,"1","4",2,123.16,2.96,120.2,0,2.33,0
"259",2019,49,"1",0,"1","4",1,136.11,0,136.11,0,2.39,0
"260",2019,49,"1",0,"1","4",3,1222.19,3.01,1219.18,0,2.5,0
"261",2019,49,"1",0,"1","4",2,828.42,35.8,792.62,0,2.82,0
"262",2019,49,"2",0,"4","4",24,48666.1,6551.69,0,42114.41,1.31,1
"263",2019,49,"1",0,"1","3",4,2853.2,4.01,2849.19,0,2.72,0
"264",2019,49,"1",0,"1","4",4,12566.93,0,12566.93,0,3.05,0
"265",2019,49,"1",0,"1","4",3,3387.81,2.98,3384.83,0,1.94,0
"266",2019,49,"1",0,"1","4",3,6654.95,2000.79,4654.16,0,1.54,0
"267",2019,49,"5",0,"4","4",3,4979.25,0,4979.25,0,0.15,0
"268",2019,49,"1",0,"1","4",1,1498.5,0,1498.5,0,3.07,0
"269",2019,49,"1",0,"1","4",2,978.01,36.56,941.45,0,2.48,0
"270",2019,49,"1",0,"1","4",2,26.06,2,24.06,0,2.86,0
"271",2019,49,"1",0,"1","4",3,1724.74,20.1,1704.64,0,2.72,0
"272",2019,49,"1",0,"1","4",3,880.01,3.01,877,0,2.24,0
"273",2019,49,"1",0,"1","4",3,2364.34,46.08,2318.26,0,3.01,0
"274",2019,49,"1",0,"1","4",2,654.51,0,654.51,0,3.06,0
"275",2019,49,"5",0,"4","6",3,332.81,253.8,79.01,0,1.08,0
"276",2019,49,"2",0,"4","4",3,2060.74,80.3,1980.44,0,1.29,0
"277",2019,49,"1",0,"1","4",3,1452.08,3.98,1448.11,0,2.51,0
"278",2019,49,"1",0,"1","3",1,2528.67,0,2528.67,0,1.44,0
"279",2019,49,"5",0,"4","3",15,26063.97,1859.5,24204.47,0,3.57,0
"280",2019,49,"1",0,"1","3",6,11184.74,984.66,10200.08,0,1.84,0
"281",2019,49,"1",0,"1","4",5,14823.81,0,14823.81,0,1.8,0
"282",2019,49,"1",0,"1","4",3,3393.95,0,3393.95,0,2.55,0
"283",2019,49,"5",0,"4","4",1,103.06,0,103.06,0,1.18,0
"284",2019,49,"1",0,"1","3",7,20658.31,0,20658.31,0,2.33,0
"285",2019,49,"5",0,"4","3",6,12162.13,6143.54,6018.59,0,0.45,0
"286",2019,49,"5",0,"4","3",2,2147.2,0,2147.2,0,0.28,0
"287",2019,49,"1",0,"1","3",6,11049.86,350.31,10699.55,0,2.28,0
"288",2019,49,"1",0,"1","4",3,1112,3.04,1108.96,0,2.3,0
"289",2019,49,"5",0,"4","4",2,278.57,0,278.57,0,0.62,0
"290",2019,49,"1",0,"1","4",3,2687.29,20.97,2666.32,0,2.32,0
"291",2019,49,"1",0,"1","4",5,8034.75,394.04,7640.71,0,2.72,0
"292",2019,49,"5",0,"4","4",3,1911.14,436,1475.14,0,0.07,0
"293",2019,49,"2",0,"3","3",18,15520.97,4679.69,0,10841.28,1.31,0
"294",2019,49,"5",0,"4","4",2,1309.98,0,1309.98,0,0.44,0
"295",2019,49,"5",0,"4","3",6,7982.49,1528.84,6453.65,0,0.62,0
"296",2019,49,"1",0,"1","4",2,3145.53,0,3145.53,0,1.65,0
"297",2019,49,"5",0,"4","4",4,12665.71,0,12665.71,0,0.18,0
"298",2019,49,"5",0,"4","4",2,1898.75,0,1898.75,0,0.45,0
"299",2019,49,"1",0,"1","4",2,295.6,0,295.6,0,2.6,0
"300",2019,49,"1",0,"1","4",2,612.02,0,612.02,0,2.6,0
"301",2019,49,"1",0,"1","4",3,3072.78,1,3071.78,0,2.08,0
"302",2019,49,"2",0,"4","4",2,166.93,3.95,162.97,0,1.35,0
"303",2019,49,"1",0,"1","4",4,10348.67,0,10348.67,0,1.86,0
"304",2019,49,"5",0,"4","4",2,3932.94,0,3932.94,0,0.44,0
"305",2019,49,"1",0,"1","4",5,15440.04,0,15440.04,0,2.14,0
"306",2019,49,"2",0,"4","4",44,56775.46,2212.9,17527.22,37035.34,1.37,1
"307",2019,49,"1",0,"1","4",2,201.53,4.11,197.42,0,2.89,0
"308",2019,49,"1",0,"1","6",1,12.55,12.55,0,0,2.92,0
"309",2019,49,"5",0,"4","4",4,1202.9,213.74,989.16,0,0.49,0
"310",2019,49,"1",0,"1","4",3,1002.58,96.25,906.34,0,2.14,0
"311",2019,49,"1",0,"1","4",4,1628.52,446.17,1182.35,0,3.15,0
"312",2019,49,"5",0,"4","4",8,5186.14,506.11,4680.03,0,0.75,0
"313",2019,49,"5",0,"4","4",3,5297.5,0,5297.5,0,1.27,0
"314",2019,49,"5",0,"4","3",9,17830.81,0,17830.81,0,1.29,0
"315",2019,49,"1",0,"1","4",4,5035.68,3,5032.68,0,2.49,0
"316",2019,49,"5",0,"4","4",17,29595.52,6479.24,0,23116.28,3.53,0
"317",2019,49,"1",0,"1","4",2,1026.4,1.99,1024.4,0,2.52,0
"318",2019,49,"5",0,"4","3",12,15792.71,4296.38,11496.33,0,0.04,0
"319",2019,49,"1",0,"1","4",3,3838.86,1,3837.86,0,2.97,0
"320",2019,49,"1",0,"1","3",4,13149.46,2486.82,10662.64,0,1.98,0
"321",2019,49,"1",0,"1","4",1,65.24,0,65.24,0,2.19,0
"322",2019,49,"5",0,"4","3",3,7375.85,868.75,6507.1,0,0.63,0
"323",2019,49,"1",0,"1","4",2,445.71,0,445.71,0,2.63,0
"324",2019,49,"1",0,"1","4",3,2621.78,220.15,2401.63,0,2.71,0
"325",2019,49,"5",0,"4","4",7,13432.05,1,13431.05,0,0.56,0
"326",2019,49,"2",0,"4","4",2,1059.94,4,1055.94,0,1.4,0
"327",2019,49,"1",0,"1","4",4,12400.25,0,12400.25,0,1.95,0
"328",2019,49,"5",0,"4","4",2,625.55,0,625.55,0,0.2,0
"329",2019,49,"5",0,"4","4",1,96.34,0,96.34,0,0.41,0
"330",2019,49,"1",0,"1","4",3,6567.37,0,6567.37,0,3.47,0
"331",2019,49,"1",0,"1","4",3,345.3,3.09,342.21,0,3.43,0
"332",2019,49,"1",0,"1","4",2,690.5,0.98,689.53,0,3.36,0
"333",2019,49,"5",0,"4","4",4,6012.17,27.04,5985.13,0,0.59,0
"334",2019,49,"1",0,"1","4",4,6324.11,1790.78,4533.33,0,3.32,0
"335",2019,49,"1",0,"1","4",2,963.75,4,959.76,0,2.79,0
"336",2019,49,"5",0,"4","4",5,13239.69,0,13239.69,0,0.33,0
"337",2019,49,"1",0,"1","4",4,1514.06,20,1494.06,0,2.24,0
"338",2019,49,"1",0,"1","4",1,329.32,0,329.32,0,3.54,0
"339",2019,49,"1",0,"1","3",11,23602.65,4183.51,19419.14,0,1.97,0
"340",2019,49,"1",0,"1","4",2,1158.07,4.03,1154.04,0,3.11,0
"341",2019,49,"5",0,"4","4",2,686.83,0,686.83,0,0.49,0
"342",2019,49,"1",0,"1","4",1,767.29,0,767.29,0,2.74,0
"343",2019,49,"5",0,"4","4",3,2031.56,11.99,2019.56,0,0.19,0
"344",2019,49,"5",0,"4","4",7,10677.32,1692.37,8984.95,0,0.28,0
"345",2019,49,"5",0,"4","4",2,1314.94,0,1314.94,0,3.94,0
"346",2019,49,"1",0,"1","4",3,9459.96,0,9459.96,0,3.29,0
"347",2019,49,"2",0,"4","4",1,77.69,0,77.69,0,1.5,0
"348",2019,49,"1",0,"1","4",3,4815.14,860.77,3954.36,0,2.55,0
"349",2019,49,"1",0,"1","4",1,1750.12,0,1750.12,0,3.38,0
"350",2019,49,"1",0,"1","3",5,6021.12,3.99,6017.13,0,2.31,0
"351",2019,49,"1",0,"1","4",20,36310.64,8927.91,27382.73,0,2.86,0
"352",2019,49,"1",0,"1","4",3,1515.74,2,1513.74,0,3.23,0
"353",2019,49,"5",0,"4","3",3,6858.13,0,6858.13,0,0.7,0
"354",2019,49,"1",0,"1","4",3,698.5,0,698.5,0,3.59,0
"355",2019,49,"1",0,"1","3",9,9287.09,3905.57,5381.52,0,3.2,0
"356",2019,49,"5",0,"4","4",2,401.3,0,401.3,0,0.38,0
"357",2019,49,"1",0,"1","6",1,11.46,11.46,0,0,3.58,0
"358",2019,49,"5",0,"4","3",5,8133.8,1805.62,6328.18,0,0.3,0
"359",2019,49,"1",0,"1","4",4,7256.56,0,7256.56,0,3.35,0
"360",2019,49,"5",0,"4","3",1,2226.89,0,2226.89,0,0.1,0
"361",2019,49,"1",0,"1","4",3,2201.69,2,2199.69,0,3.53,0
"362",2019,49,"5",0,"4","4",4,10921.87,0,10921.87,0,0.67,0
"363",2019,49,"5",0,"4","6",1,666.76,0,666.76,0,0.36,0
"364",2019,49,"1",0,"1","4",3,3900.1,0,3900.1,0,1.83,0
"365",2019,49,"1",0,"1","4",3,2246.23,3,2243.23,0,2.9,0
"366",2019,49,"5",0,"4","3",3,4931.26,19.99,4911.27,0,0.29,0
"367",2019,49,"5",0,"4","4",4,3776.94,5.02,3771.92,0,3.89,0
"368",2019,49,"2",0,"4","4",4,4753.1,0,4753.1,0,1.51,0
"369",2019,49,"1",0,"1","4",2,1135.62,0,1135.62,0,2.38,0
"370",2019,49,"1",0,"1","4",5,7561.66,1757.46,5804.2,0,2.66,0
"371",2019,49,"1",0,"1","4",1,140.56,0,140.56,0,2.09,0
"372",2020,49,"5",0,"4","3",71,134517.52,27494.72,107022.8,0,3.66,1
"373",2020,49,"5",0,"3","3",60,131054.8,21204.86,0,109849.93,0.01,2
"374",2020,49,"5",0,"4","3",64,123069.48,14765.46,22094.19,86209.83,0.79,2
"375",2020,49,"5",0,"4","3",3,9215.57,0,9215.57,0,0.07,0
"376",2020,49,"5",0,"4","3",10,4371.17,0,4371.17,0,0.63,0
"377",2020,49,"2",0,"4","3",47,94641.38,14141.06,80500.32,0,1.34,1
"378",2020,49,"5",0,"4","3",8,14715.3,0,14715.3,0,1.2,0
"379",2020,49,"5",0,"4","3",13,17348.51,4192.61,13155.9,0,0.68,0
"380",2020,49,"1",0,"1","3",80,180422.48,3799.99,176622.49,0,1.78,1
"381",2020,49,"1",0,"1","4",1,1588.97,0,1588.97,0,3.07,0
"382",2020,49,"1",0,"1","4",2,1067.93,4.01,1063.92,0,2.43,0
"383",2020,49,"1",0,"1","4",4,12170.94,0,12170.94,0,2.81,0
"384",2020,49,"5",0,"4","4",2,3493.84,0,3493.84,0,0.43,0
"385",2020,49,"1",0,"1","4",1,258.92,0,258.92,0,2.93,0
"386",2020,49,"5",0,"4","4",4,3861.55,4.02,3857.53,0,0.41,0
"387",2020,49,"5",0,"4","4",3,4017.15,1523.78,2493.37,0,0.72,0
"388",2020,49,"1",0,"1","4",2,498.69,0,498.69,0,3.05,0
"389",2020,49,"2",0,"4","4",3,4981.96,0,4981.96,0,1.25,0
"390",2020,49,"1",0,"1","4",4,7730.45,6,7724.45,0,2.86,0
"391",2020,49,"2",0,"4","4",2,1038.91,4,1034.91,0,1.26,0
"392",2020,49,"1",0,"1","4",2,797.31,2.98,794.33,0,2.48,0
"393",2020,49,"5",0,"4","3",4,7583.07,0,7583.07,0,1.06,0
"394",2020,49,"1",0,"1","4",3,5686.3,0,5686.3,0,3.05,0
"395",2020,49,"1",0,"1","4",1,84.4,0,84.4,0,3.02,0
"396",2020,49,"1",0,"1","4",4,3190.5,1.99,3188.52,0,2.21,0
"397",2020,49,"1",0,"1","4",5,14065.1,0,14065.1,0,2.98,0
"398",2020,49,"1",0,"1","4",1,59.41,0,59.41,0,3.01,0
"399",2020,49,"5",0,"4","4",2,3252.54,0,3252.54,0,0.55,0
"400",2020,49,"1",0,"1","6",2,45.49,0,45.49,0,3.2,0
"401",2020,49,"5",0,"4","3",9,18311.17,14194.56,1672.65,2443.96,3.5,0
"402",2020,49,"5",0,"4","4",4,2663.41,55.82,2607.59,0,1.05,0
"403",2020,49,"2",0,"4","3",11,11334.41,1517.13,1878.39,7938.89,1.3,0
"404",2020,49,"5",0,"4","4",2,2762.13,0,2762.13,0,0.07,0
"405",2020,49,"1",0,"1","3",6,10629.62,1028.77,9600.85,0,1.54,0
"406",2020,49,"1",0,"1","3",6,18337.12,0,18337.12,0,1.6,0
"407",2020,49,"5",0,"4","4",2,376.62,0,376.62,0,3.34,0
"408",2020,49,"1",0,"1","4",2,1184.28,0,1184.28,0,2.92,0
"409",2020,49,"1",0,"1","4",1,1513.1,0,1513.1,0,2.73,0
"410",2020,49,"1",0,"1","4",2,746.39,3,743.39,0,3.02,0
"411",2020,49,"1",0,"1","4",3,48.75,0,48.75,0,3.11,0
"412",2020,49,"1",0,"1","4",1,777.11,0,777.11,0,2.7,0
"413",2020,49,"1",0,"1","3",11,24036.15,3334.96,20701.19,0,1.87,0
"414",2020,49,"1",0,"1","4",1,2147.46,0,2147.46,0,2.98,0
"415",2020,49,"1",0,"1","4",2,163.89,2.94,160.95,0,2.86,0
"416",2020,49,"1",0,"1","4",3,3059.14,0,3059.14,0,2.46,0
"417",2020,49,"2",0,"4","4",1,183.59,0,183.59,0,1.33,0
"418",2020,49,"1",0,"1","4",4,960.43,0,960.43,0,2.05,0
"419",2020,49,"1",0,"1","4",2,853.31,0,853.31,0,2.62,0
"420",2020,49,"1",0,"1","3",7,14896.92,4000.44,10896.48,0,2.3,0
"421",2020,49,"5",0,"4","4",2,4167.51,0,4167.51,0,0.39,0
"422",2020,49,"1",0,"1","4",1,569.28,0,569.28,0,2.33,0
"423",2020,49,"5",0,"4","6",1,450.14,0,450.14,0,0.42,0
"424",2020,49,"1",0,"1","4",3,4413.52,1,4412.52,0,3.29,0
"425",2020,49,"1",0,"1","4",3,4461.04,1128.25,3332.79,0,2.66,0
"426",2020,49,"2",0,"4","4",5,6554.19,180.95,6373.24,0,1.33,0
"427",2020,49,"1",0,"1","4",2,315.57,0,315.57,0,2.42,0
"428",2020,49,"5",0,"4","3",3,8452.84,0,8452.84,0,0.5,0
"429",2020,49,"1",0,"1","3",5,15642.21,0,15642.21,0,2.24,0
"430",2020,49,"1",0,"1","4",4,298.34,0,298.34,0,2.8,0
"431",2020,49,"1",0,"1","4",2,1478.08,4.01,1474.06,0,2.9,0
"432",2020,49,"1",0,"1","4",1,1945.61,0,1945.61,0,3.3,0
"433",2020,49,"5",0,"4","4",3,5719.67,0,5719.67,0,3.74,0
"434",2020,49,"1",0,"1","4",2,1146.17,3.04,1143.13,0,3.34,0
"435",2020,49,"1",0,"1","4",3,2363.01,4,2359.01,0,3.3,0
"436",2020,49,"1",0,"1","4",2,33.49,3.94,29.55,0,2.67,0
"437",2020,49,"1",0,"1","4",1,648.4,0,648.4,0,2.84,0
"438",2020,49,"5",0,"4","4",4,6935.21,7.98,6927.23,0,0.16,0
"439",2020,49,"1",0,"1","4",2,2032.16,0,2032.16,0,3.22,0
"440",2020,49,"5",0,"4","4",4,5003.96,319.51,4684.45,0,0.3,0
"441",2020,49,"5",0,"4","3",3,5738.68,0,5738.68,0,0.44,0
"442",2020,49,"5",0,"4","4",6,9351,1803.09,7547.91,0,3.61,0
"443",2020,49,"1",0,"1","4",3,1065.56,0,1065.56,0,3.28,0
"444",2020,49,"1",0,"1","4",7,7995.67,2,7993.67,0,3.32,0
"445",2020,49,"1",0,"1","4",3,2469.29,0,2469.29,0,3.31,0
"446",2020,49,"5",0,"4","4",2,855.52,0,855.52,0,0.25,0
"447",2020,49,"5",0,"4","4",2,2388.69,0,2388.69,0,0.53,0
"448",2020,49,"1",0,"1","4",1,1165.61,0,1165.61,0,3.39,0
"449",2020,49,"1",0,"1","4",4,4873.22,509.23,4363.99,0,3.08,0
"450",2020,49,"2",0,"4","4",25,46164.63,15846.84,0,30317.78,1.47,0
"451",2020,49,"5",0,"4","4",6,9578.73,1378.1,8200.62,0,0.36,0
"452",2020,49,"1",0,"1","4",1,1107.83,0,1107.83,0,2.86,0
"453",2020,49,"1",0,"1","3",7,11064.72,1701.57,9363.15,0,2.22,0
"454",2020,49,"5",0,"4","4",3,10182.72,0,10182.72,0,0.07,0
"455",2020,49,"1",0,"1","4",2,249.98,4.02,245.97,0,3.43,0
"456",2020,49,"5",0,"4","4",2,3971.68,0,3971.68,0,0.27,0
"457",2020,49,"5",0,"4","4",2,381.2,0,381.2,0,0.68,0
"458",2020,49,"1",0,"1","4",6,1882.81,79.91,1802.9,0,3.43,0
"459",2020,49,"5",0,"4","3",4,6784.1,1930.61,4853.5,0,0.6,0
"460",2020,49,"5",0,"4","3",8,13374.65,5066.81,6595.94,1711.91,1.35,0
"461",2020,49,"1",0,"1","4",3,2816.18,0,2816.18,0,2.68,0
"462",2020,49,"1",0,"1","4",3,5880.85,0,5880.85,0,1.68,0
"463",2020,49,"1",0,"1","4",2,295.71,3.01,292.7,0,2.31,0
"464",2020,49,"1",0,"1","4",3,3129.35,3.01,3126.34,0,3.37,0
"465",2020,49,"1",0,"1","4",3,3678.03,23.94,3654.1,0,3.35,0
"466",2020,49,"5",0,"4","6",1,118.87,0,118.87,0,0.55,0
"467",2020,49,"1",0,"1","4",2,3953.35,0,3953.35,0,3.13,0
"468",2020,49,"1",0,"1","4",3,2306.45,31.95,2274.5,0,3.42,0
"469",2020,49,"5",0,"4","4",5,14903.28,0,14903.28,0,0.69,0
"470",2020,49,"2",0,"4","4",6,8680.7,0,3279.69,5401.01,1.53,0
"471",2020,49,"1",0,"1","4",5,1167.16,0,1167.16,0,3.43,0
"472",2020,49,"5",0,"4","4",5,7988.02,0,7988.02,0,0.31,0
"473",2020,49,"1",0,"1","4",3,2376.62,715.89,1660.73,0,1.79,0
"474",2020,49,"1",0,"1","4",2,3219.99,1737.85,1482.14,0,3.97,0
"475",2020,49,"1",0,"1","4",2,142.65,9.51,133.14,0,2.86,0
"476",2020,49,"5",0,"4","3",9,18157.53,2136.24,7994.15,8027.14,0.27,0
"477",2020,49,"5",0,"4","4",4,5295.16,4,5291.16,0,0.54,0
"478",2020,49,"1",0,"1","4",2,725.06,2.97,722.09,0,2.91,0
"479",2020,49,"1",0,"1","4",2,2018.5,44.05,1974.44,0,2.96,0
"480",2020,49,"1",0,"1","4",1,560.93,0,560.93,0,2.01,0
"481",2020,49,"1",0,"1","4",1,12.67,12.67,0,0,3.27,0
"482",2020,49,"5",0,"4","4",4,7239.97,2041.97,0,5198,3.8,0
"483",2020,49,"2",0,"4","4",2,4674.55,1744.82,2929.73,0,1.48,0
"484",2020,49,"1",0,"1","4",2,1043.15,2.98,1040.16,0,2.55,0
"485",2020,49,"5",0,"4","4",4,8575.04,0,8575.04,0,0.12,0
"486",2020,49,"2",0,"4","4",5,6162.92,1434.77,0,4728.14,1.54,0
"487",2020,49,"5",0,"4","3",3,8109.95,0,8109.95,0,0.36,0
"488",2020,49,"1",0,"1","6",3,286.12,0,286.12,0,3.78,0
"489",2020,49,"1",0,"1","4",2,2120.41,0,2120.41,0,3.06,0
"490",2020,49,"1",0,"1","4",3,3695.21,88.22,3606.99,0,3.14,0
"491",2020,49,"5",0,"4","4",3,3046.17,0,3046.17,0,0.65,0
"492",2020,49,"5",0,"4","3",6,5014.74,427.26,4587.49,0,0.1,0
"493",2020,49,"1",0,"1","3",10,12885.67,5181.86,0,7703.81,2.11,0
"494",2020,49,"1",0,"1","4",3,2807.24,1.99,2805.25,0,2.74,0
"495",2020,49,"2",0,"4","4",20,39690.55,21928.65,0,17761.9,1.59,0
"496",2020,49,"5",0,"4","4",4,2600.34,0,2600.34,0,0.17,0
"497",2020,49,"5",0,"4","3",6,13310.78,6288.79,7021.99,0,0.37,0
"498",2020,49,"1",0,"1","4",3,1768.82,3.01,1765.81,0,3.32,0
"499",2020,49,"1",0,"1","4",1,162.95,0,162.95,0,2.21,0
"500",2020,49,"1",0,"1","4",1,7.33,7.33,0,0,2.97,0
"501",2017,50,"4",4.29,"2","6",135,360319.24,0,0,360319.24,1,7
"502",2017,50,"4",3.93,"2","2",30,73626.45,0,0,73626.45,0.67,2
"503",2017,50,"4",3.76,"2","1",125,333246.75,0,0,333246.75,1.92,7
"504",2017,50,"4",4.29,"2","6",116,287549.99,1365.87,0,286184.12,2.03,6
"505",2017,50,"4",4.19,"2","1",94,209566.24,0,0,209566.24,3.91,4
"506",2017,50,"4",4.01,"2","1",127,291048.84,14667.65,0,276381.19,3.96,5
"507",2017,50,"4",4.62,"2","1",98,235017.18,879.98,0,234137.2,1.42,5
"508",2017,50,"4",4.57,"2","1",385,790490.52,46342.56,0,744147.96,3.5,14
"509",2017,50,"4",3.89,"2","2",62,149199.47,7200.22,0,141999.25,0.63,3
"510",2017,50,"4",4.69,"2","1",89,238357.21,0,0,238357.21,3.84,5
"511",2017,50,"4",4.29,"2","1",172,404066.3,9413.4,0,394652.9,3.99,8
"512",2017,50,"5",0,"2","3",80,177081.89,21820.51,0,155261.38,0.07,3
"513",2017,50,"4",4.11,"2","1",39,82385.46,5958.47,0,76427,2.03,2
"514",2017,50,"4",4.26,"2","1",83,178515.04,8224.77,0,170290.27,3.76,4
"515",2017,50,"4",3.43,"4","2",66,143653.62,3564.67,140088.95,0,3.62,1
"516",2017,50,"4",4.51,"2","1",84,184789.43,0,0,184789.43,3.6,4
"517",2017,50,"4",4.51,"2","1",32,75492.9,14950.39,0,60542.51,1.53,2
"518",2017,50,"4",3.89,"2","2",26,59163.55,0,0,59163.55,2.48,2
"519",2017,50,"4",0,"3","1",27,70900.45,0,0,70900.45,3.95,1
"520",2017,50,"4",0,"3","1",24,41521.86,13200.91,0,28320.95,0.07,1
"521",2017,50,"4",3.69,"2","2",3,6397.51,0,0,6397.51,1.47,1
"522",2017,50,"4",4.29,"2","7",3,2093.73,0,0,2093.73,0.53,0
"523",2017,50,"4",3.69,"4","1",245,625199.97,0,625199.97,0,3.62,4
"524",2017,50,"4",3.97,"2","1",49,124104.26,3839.88,0,120264.37,3.91,3
"525",2017,50,"4",0,"3","1",45,111389.07,0,0,111389.07,3.91,2
"526",2017,50,"4",0,"3","1",99,207680.11,11520.62,0,196159.5,3.97,4
"527",2017,50,"4",0,"3","1",22,50014.42,0,0,50014.42,3.59,1
"528",2017,50,"4",0,"3","1",25,75357.14,3772.16,0,71584.98,3.67,1
"529",2017,50,"4",0,"3","2",8,11148.41,0,0,11148.41,3.96,0
"530",2017,50,"4",3.61,"4","1",85,172988.5,0,165815.02,7173.48,3.77,2
"531",2017,50,"4",0,"3","2",42,84467.73,2141.02,0,82326.71,3.51,1
"532",2017,50,"4",0,"4","1",86,243359.15,14800.07,228559.08,0,3.95,2
"533",2017,50,"4",3.93,"2","2",59,150308.86,0,0,150308.86,2.97,3
"534",2017,50,"4",4.29,"4","1",3,5715.23,0,5715.23,0,3.74,0
"535",2017,50,"4",0,"4","2",8,2449.19,0,2449.19,0,3.88,0
"536",2017,50,"4",4.44,"2","2",24,38356.36,2192.79,0,36163.57,3.91,1
"537",2017,50,"4",0,"3","1",36,49650.3,1945.07,0,47705.23,3.62,1
"538",2017,50,"4",4.29,"4","2",17,38571.74,0,38571.74,0,3.96,0
"539",2017,50,"4",0,"3","1",2,103.37,0,0,103.37,3.73,0
"540",2017,50,"4",0,"3","2",5,9821.5,9821.5,0,0,3.97,0
"541",2017,50,"4",4.19,"4","1",13,10126.06,0,10126.06,0,3.87,0
"542",2017,50,"4",0,"3","2",17,36961,6545.88,0,30415.11,0.12,1
"543",2017,50,"4",4.74,"2","6",16,23119.94,1076,0,22043.94,2.69,1
"544",2017,50,"4",0,"3","1",30,63705.72,0,0,63705.72,3.94,1
"545",2017,50,"4",3.26,"4","1",5,10257.67,0,0,10257.67,3.95,0
"546",2017,50,"4",4.29,"2","6",13,17027.88,0,0,17027.88,1.78,1
"547",2017,50,"4",3.04,"4","7",3,193.54,0,0,193.54,0.22,0
"548",2017,50,"4",0,"3","7",2,2717.45,0,0,2717.45,3.58,0
"549",2017,50,"4",0,"4","1",5,2811.33,0,1720.98,1090.35,1.43,0
"550",2017,50,"4",5.67,"4","2",10,21551.42,4164.31,17387.11,0,3.46,0
"551",2017,50,"4",4.11,"2","2",75,155203.31,8241.76,0,146961.55,3.67,3
"552",2017,50,"4",0,"3","1",11,29803.86,0,0,29803.86,0.74,1
"553",2017,50,"4",4.11,"2","2",4,11210.39,2715.25,0,8495.14,3.28,1
"554",2017,50,"4",4.11,"2","2",1,1621.98,0,0,1621.98,1.11,1
"555",2017,50,"4",0,"3","1",1,2012.57,0,0,2012.57,3.8,0
"556",2017,50,"4",3.71,"4","2",2,5229.92,0,5229.92,0,1.26,0
"557",2017,50,"4",0,"3","2",10,23195,0,0,23195,2.71,0
"558",2017,50,"4",0,"3","1",13,37650.81,0,0,37650.81,1.66,1
"559",2017,50,"4",3.71,"2","1",10,19436.19,0,0,19436.19,3.51,1
"560",2017,50,"4",0,"3","1",8,14782.89,0,0,14782.89,0.37,1
"561",2017,50,"4",3.22,"4","1",3,492.13,0,0,492.13,2.23,0
"562",2017,50,"4",3.5,"2","1",51,121790.4,0,0,121790.4,0.23,3
"563",2017,50,"4",0,"3","6",4,10420.89,0,0,10420.89,2.02,0
"564",2017,50,"4",4.37,"4","2",10,23087.23,0,23087.23,0,1.01,0
"565",2017,50,"4",0,"3","2",6,10640.09,4381.74,0,6258.35,1.23,0
"566",2017,50,"4",0,"3","1",46,102209.38,5300.69,0,96908.69,0.69,2
"567",2017,50,"4",4.74,"2","2",17,35799.81,4320.1,0,31479.71,0.64,1
"568",2017,50,"4",0,"3","1",47,109572.14,6564.77,0,103007.37,1.14,2
"569",2017,50,"4",0,"3","1",4,6966.93,961.09,0,6005.83,3.79,0
"570",2017,50,"4",3.53,"4","1",23,71014.11,0,71014.11,0,0.69,1
"571",2017,50,"4",4.29,"2","2",5,3182.81,0,0,3182.81,0.74,1
"572",2017,50,"4",0,"3","1",29,71582.05,8087.25,0,63494.8,0.43,1
"573",2017,50,"5",0,"4","3",9,16224.49,4073.61,0,12150.88,0.28,1
"574",2017,50,"4",0,"3","1",34,99988.36,0,0,99988.36,2.77,2
"575",2017,50,"4",0,"3","1",64,150381.24,10590.86,0,139790.38,0.26,3
"576",2017,50,"3",0,"3","3",4,8584.89,3202.2,0,5382.69,1.25,0
"577",2017,50,"4",3.61,"2","2",2,2551.05,2551.05,0,0,1.38,1
"578",2017,50,"5",0,"4","4",2,2487.59,0,2487.59,0,3.83,0
"579",2017,50,"4",3.61,"4","2",38,145442.74,16000.74,129442,0,3.28,1
"580",2017,50,"4",3.61,"4","1",25,61447.21,0,61447.21,0,0.16,1
"581",2018,50,"4",4.54,"2","1",529,1218142.25,27374.16,0,1190768.09,3.82,22
"582",2018,50,"4",4.44,"2","1",131,332416.78,0,0,332416.78,2.2,7
"583",2018,50,"4",3.85,"2","1",109,200387.96,0,0,200387.96,0.57,4
"584",2018,50,"4",4.19,"2","1",174,396881.09,26115.68,0,370765.41,3.89,7
"585",2018,50,"4",4.44,"2","1",261,609624.46,4821.02,0,604803.44,2.86,11
"586",2018,50,"4",3.76,"2","1",129,289797,14676.54,0,275120.46,3.92,5
"587",2018,50,"4",4.29,"2","1",166,414195.59,2670,0,411525.59,3.05,8
"588",2018,50,"4",4.29,"2","1",52,92921.16,0,0,92921.16,3.64,2
"589",2018,50,"4",4.51,"2","2",66,152171.92,1503.01,0,150668.91,0.46,3
"590",2018,50,"4",3.89,"4","1",127,313230.19,9.99,313220.19,0.01,0.42,3
"591",2018,50,"4",3.76,"2","6",35,79984.35,0,0,79984.35,1.47,2
"592",2018,50,"4",4.11,"2","1",56,126877.32,0,0,126877.32,1.34,3
"593",2018,50,"4",4.11,"2","2",84,176486.47,0,0,176486.47,0.71,4
"594",2018,50,"4",4.29,"4","1",84,193235.72,1784.94,191450.78,0,3.58,2
"595",2018,50,"4",4.29,"2","1",56,122139.33,7106.44,0,115032.89,2.3,3
"596",2018,50,"4",3.85,"2","1",63,156425.64,6191.75,0,150233.89,3.8,3
"597",2018,50,"4",3.61,"2","1",62,107287.67,0,0,107287.67,3.87,3
"598",2018,50,"4",3.71,"4","2",71,157907.49,0,157907.49,0,0.75,1
"599",2018,50,"4",3.87,"4","1",35,90620.02,0,90620.02,0,1.21,1
"600",2018,50,"5",0,"4","3",67,138380.09,12480.01,29346.02,96554.07,0.01,2
"601",2018,50,"4",3.66,"4","2",10,19700.78,2403.46,17297.32,0,1.28,0
"602",2018,50,"4",4.11,"2","1",64,133272.11,2411.13,0,130860.98,3.82,3
"603",2018,50,"4",4.62,"2","2",9,22500.73,977.6,0,21523.13,1.41,1
"604",2018,50,"4",0,"3","1",20,45870.73,2102.67,0,43768.07,1.66,1
"605",2018,50,"4",0,"3","1",99,240501.71,30088.96,0,210412.75,3.74,4
"606",2018,50,"4",0,"3","1",17,45053.51,0,0,45053.51,3.68,1
"607",2018,50,"4",0,"3","1",55,122032.14,0,0,122032.14,3.91,2
"608",2018,50,"4",0,"3","1",47,137459.11,10099.57,0,127359.54,3.9,2
"609",2018,50,"4",3.89,"2","7",46,67344.51,2583.25,0,64761.26,3.65,1
"610",2018,50,"4",0,"3","1",18,37436.04,0,0,37436.04,2.57,1
"611",2018,50,"4",3.26,"4","2",1,254.68,0,254.68,0,3.63,0
"612",2018,50,"5",0,"4","3",12,25403.63,3834.13,3855.12,17714.38,0.34,1
"613",2018,50,"4",0,"3","1",28,69484.59,0,0,69484.59,3.8,1
"614",2018,50,"4",0,"3","1",11,31195.23,0,0,31195.23,3.8,1
"615",2018,50,"4",3.5,"4","1",6,11788.1,0,11788.1,0,3.75,0
"616",2018,50,"4",3.71,"2","2",17,8382.75,0,0,8382.75,3.88,1
"617",2018,50,"4",3.66,"4","6",9,4586.13,0,0,4586.13,1.02,0
"618",2018,50,"4",3.61,"2","2",2,4202.27,4202.27,0,0,3.96,0
"619",2018,50,"4",3.43,"4","2",12,19397.17,1145.07,18252.1,0,1.68,0
"620",2018,50,"3",0,"3","3",4,8776.96,3662.65,0,5114.32,3.67,0
"621",2018,50,"4",0,"4","1",4,7451.4,0,7451.4,0,3.78,0
"622",2018,50,"4",2.89,"4","7",3,210.93,0,210.93,0,3.48,0
"623",2018,50,"4",4.29,"2","6",15,6853.94,0,0,6853.94,3.96,1
"624",2018,50,"4",3.89,"2","7",17,27374.06,1059.42,0,26314.64,3.32,1
"625",2018,50,"5",0,"4","3",37,65977.43,3077.11,32208.19,30692.13,0.11,1
"626",2018,50,"4",0,"4","7",1,204.08,0,0,204.08,2.27,0
"627",2018,50,"4",4.11,"4","1",35,65336.86,6821.61,58515.25,0,2.01,1
"628",2018,50,"4",3.71,"2","7",5,10396.97,0,0,10396.97,0.24,1
"629",2018,50,"4",3.71,"2","2",42,29268.05,0,0,29268.05,3.04,1
"630",2018,50,"4",3.43,"4","7",5,543.88,0,0,543.88,1.9,0
"631",2018,50,"4",3.89,"4","1",74,189742.29,0,189742.29,0,2.22,2
"632",2018,50,"4",0,"3","1",6,15048.04,0,0,15048.04,1.57,0
"633",2018,50,"4",0,"3","1",4,9021.12,0,0,9021.12,3.84,0
"634",2018,50,"4",0,"3","2",3,6634.68,0,0,6634.68,0.88,0
"635",2018,50,"4",3.53,"4","1",23,70768.07,0,70768.07,0,2.8,1
"636",2018,50,"5",0,"4","4",3,3583.14,1512.08,1391.43,679.63,3.6,0
"637",2018,50,"4",3.71,"4","2",2,2891.16,0,2891.16,0,0.05,0
"638",2018,50,"4",4.2,"2","2",13,27644.64,3224.42,0,24420.22,1.21,1
"639",2018,50,"4",4.44,"4","6",3,273.59,0,273.59,0,3.77,0
"640",2018,50,"5",0,"4","3",7,12650.88,3834.2,3526.67,5290,0.3,0
"641",2018,50,"4",3.74,"4","2",9,14187.6,8836.26,5351.34,0,3.43,0
"642",2018,50,"4",3.71,"2","1",3,518.36,0,0,518.36,1.24,1
"643",2018,50,"4",4.11,"2","2",2,43.71,0,0,43.71,3.88,0
"644",2018,50,"4",3.93,"2","2",1,2496.26,0,0,2496.26,0.03,1
"645",2018,50,"4",4.56,"2","2",9,16951.81,0,0,16951.81,1.29,1
"646",2018,50,"4",3.71,"4","1",10,28880.63,0,28880.63,0,3.93,0
"647",2018,50,"4",0,"3","2",1,1971.84,0,0,1971.84,1.58,0
"648",2018,50,"4",0,"3","2",5,7698.22,4412.13,0,3286.09,1.3,0
"649",2018,50,"4",0,"3","2",2,1680.49,0,0,1680.49,0.74,0
"650",2018,50,"4",0,"3","7",8,15509.67,0,0,15509.67,1.61,0
"651",2018,50,"4",4.11,"2","2",17,23922.61,0,0,23922.61,2.26,1
"652",2019,50,"4",4.44,"2","1",606,1339460.05,25041.11,0,1314418.93,3.23,24
"653",2019,50,"4",4.2,"2","1",428,960339.75,0,0,960339.75,3.68,18
"654",2019,50,"4",4.03,"2","2",117,265058.88,0,0,265058.88,2.51,5
"655",2019,50,"4",3.71,"2","2",71,199666.17,0,0,199666.17,1.34,4
"656",2019,50,"4",3.37,"2","2",65,143763.46,0,0,143763.47,1.32,3
"657",2019,50,"4",3.61,"2","2",49,116825.75,0,0,116825.75,0.97,3
"658",2019,50,"4",3.89,"2","1",71,98548.95,0,0,98548.95,3.67,2
"659",2019,50,"4",4.29,"4","1",243,544599.51,27359.92,517239.58,0,3.77,4
"660",2019,50,"5",0,"4","3",73,139124.44,12479.86,27846.69,98797.89,0,2
"661",2019,50,"5",0,"2","3",18,27797.84,1623.93,0,26173.91,0.05,1
"662",2019,50,"4",0,"3","1",28,66254.09,2905.65,0,63348.44,0.26,1
"663",2019,50,"4",4.11,"4","6",8,21990.06,0,21990.06,0,0.27,0
"664",2019,50,"4",4.62,"2","2",9,20760.17,3994.53,0,16765.63,1.83,1
"665",2019,50,"4",4.01,"2","2",26,59899.97,0,0,59899.97,3.97,2
"666",2019,50,"4",0,"3","1",97,227644.14,29575.15,0,198069,3.81,4
"667",2019,50,"4",2.77,"4","2",7,15832.51,0,15832.51,0,3.94,0
"668",2019,50,"4",0,"3","1",49,114637.29,7043.77,0,107593.52,3.98,2
"669",2019,50,"4",4.2,"4","2",28,44984.18,0,44984.18,0,3.28,0
"670",2019,50,"4",0,"3","2",17,26124.68,319.93,0,25804.75,3.56,0
"671",2019,50,"1",0,"1","3",16,30542.05,7134.84,0,23407.21,2.15,1
"672",2019,50,"4",3.5,"2","7",43,99228.87,0,0,99228.87,3.36,2
"673",2019,50,"4",4.11,"4","1",2,1061.87,0,0,1061.87,3.7,0
"674",2019,50,"4",0,"3","2",3,93.62,0,0,93.62,3.86,0
"675",2019,50,"4",0,"4","1",3,749.53,309.39,440.13,0,3.77,0
"676",2019,50,"4",4.39,"4","1",26,34497.06,0,26005.28,8491.78,3.86,1
"677",2019,50,"4",3.93,"2","2",2,2516.84,634.24,0,1882.6,1.69,1
"678",2019,50,"4",0,"3","1",17,32647.07,0,0,32647.07,3.82,1
"679",2019,50,"4",3.66,"2","6",2,1327.37,0,0,1327.37,3.08,1
"680",2019,50,"4",3.85,"3","1",1,3129.39,0,0,3129.39,3.84,0
"681",2019,50,"5",0,"4","3",4,6968.73,3623.22,2314.28,1031.22,3.29,0
"682",2019,50,"4",4.44,"2","2",3,6014.68,2023.55,0,3991.12,3.88,1
"683",2019,50,"4",1.95,"4","1",26,29690.6,0,29690.6,0,3.89,1
"684",2019,50,"4",3.76,"4","1",3,5771.13,0,0,5771.13,3.91,0
"685",2019,50,"4",3.71,"2","2",11,7523.33,782.01,0,6741.32,3.95,1
"686",2019,50,"4",0,"3","1",2,3113.25,0,0,3113.25,3.96,0
"687",2019,50,"4",3.71,"2","7",9,1223.18,0,0,1223.18,3.38,0
"688",2019,50,"4",3.26,"4","7",5,125.6,0,125.6,0,1.58,0
"689",2019,50,"4",3.71,"2","2",11,30031.55,0,0,30031.55,1.04,1
"690",2019,50,"4",0,"3","1",1,3594.67,0,0,3594.67,3.98,0
"691",2019,50,"4",0,"3","1",5,3508.29,0,0,3508.29,2.92,0
"692",2019,50,"4",3.43,"4","2",20,11660.46,0,11660.46,0,1.79,0
"693",2019,50,"4",0,"3","1",8,15980.14,0,0,15980.14,1.67,1
"694",2019,50,"4",4.29,"4","7",2,1325.6,0,1325.6,0,1.34,0
"695",2019,50,"4",3.76,"4","2",20,46216.46,0,46216.46,0,3.78,0
"696",2019,50,"4",3.66,"4","2",8,16860.33,2072.29,14788.04,0,2.04,0
"697",2019,50,"4",3.61,"4","2",7,12348.2,0,12348.2,0,0.69,0
"698",2019,50,"4",0,"4","1",17,45968.01,1875.55,44092.46,0,0.47,1
"699",2019,50,"4",2.89,"4","7",2,37.96,0,37.96,0,3.13,0
"700",2019,50,"4",4.11,"2","2",2,5640.44,2505.75,0,3134.69,0.16,1
"701",2019,50,"4",0,"3","6",3,1117.51,0,0,1117.51,3.31,0
"702",2019,50,"4",4.26,"4","1",8,15390.22,787.81,14602.41,0,2.86,0
"703",2019,50,"4",0,"3","2",7,7035.61,0,0,7035.61,2.08,0
"704",2019,50,"4",0,"3","2",4,6158.66,0,0,6158.66,0.16,0
"705",2019,50,"4",0,"3","1",7,15907.8,0,0,15907.8,3.47,0
"706",2019,50,"4",0,"3","7",6,10613.91,2268.13,0,8345.78,1.73,0
"707",2019,50,"4",3.93,"2","2",3,2112.52,0,0,2112.52,3.34,1
"708",2019,50,"4",0,"3","2",6,10088.82,0,0,10088.82,1.8,0
"709",2019,50,"4",3.89,"4","7",7,12506.88,0,12506.88,0,0.96,0
"710",2019,50,"5",0,"4","3",15,34893.92,6296.81,17773.45,10823.67,3.85,0
"711",2020,50,"4",4.54,"2","1",279,611970.04,14134.72,0,597835.31,3.63,11
"712",2020,50,"4",4.03,"2","1",166,399327.25,7948.01,0,391379.25,1.42,8
"713",2020,50,"4",4.11,"2","1",75,162737.02,0,0,162737.02,3.42,4
"714",2020,50,"4",3.89,"2","1",128,269712.53,0,0,269712.53,0.6,6
"715",2020,50,"4",4.37,"2","1",137,357590.44,0,0,357590.44,2.87,7
"716",2020,50,"4",4.2,"2","1",97,203383.57,0,0,203383.57,3.72,4
"717",2020,50,"4",4.11,"2","2",66,34313.7,0,0,34313.7,0.38,1
"718",2020,50,"4",0,"4","1",88,205560.39,0,205560.39,0,0.9,2
"719",2020,50,"4",4.89,"4","2",16,37125.22,16159.18,20966.04,0,0.35,0
"720",2020,50,"4",0,"3","2",16,30810.84,0,0,30810.84,1.61,1
"721",2020,50,"4",0,"3","1",2,1872.85,0,0,1872.85,3.72,0
"722",2020,50,"5",0,"4","3",30,60258.63,2450.17,31069.5,26738.96,0.57,1
"723",2020,50,"5",0,"4","3",38,81348.51,15870.71,28275.48,37202.32,0.56,1
"724",2020,50,"4",3.85,"2","1",37,70279.74,5200.35,0,65079.39,3.98,2
"725",2020,50,"4",3.76,"4","1",2,4197.25,0,0,4197.25,3.75,0
"726",2020,50,"4",0,"3","1",22,42724.68,3527.48,0,39197.2,3.85,1
"727",2020,50,"4",3.71,"4","2",7,11825.34,0,11825.34,0,3.66,0
"728",2020,50,"4",3.93,"2","7",1,258.22,0,0,258.22,3.74,0
"729",2020,50,"4",0,"4","1",15,32890.03,16161.37,16728.66,0,3.86,0
"730",2020,50,"4",0,"3","1",91,174920,26399.7,0,148520.3,3.8,3
"731",2020,50,"4",0,"3","2",2,2891.1,0,0,2891.1,2.27,0
"732",2020,50,"2",0,"4","4",2,581.19,0,581.19,0,0.82,0
"733",2020,50,"4",3.85,"4","2",11,20299.69,8431.04,11868.65,0,2.2,0
"734",2020,50,"4",0,"3","1",9,19520.15,0,0,19520.15,3.77,0
"735",2020,50,"4",3.66,"4","2",7,13747.93,1534.88,12213.04,0,1.43,0
"736",2020,50,"4",0,"3","2",4,5245.84,0,0,5245.84,3.92,0
"737",2020,50,"4",3.76,"4","2",2,814.84,0,814.84,0,0.31,0
"738",2020,50,"4",3.85,"2","1",10,30950.64,581.12,0,30369.51,3.84,1
"739",2020,50,"5",0,"4","3",10,22827.47,2627.63,10720.57,9479.27,0.45,1
"740",2020,50,"4",1.95,"4","2",43,91759.56,0,91759.56,0,1.9,1
"741",2020,50,"4",4.29,"2","2",12,17783.58,0,0,17783.58,3.51,1
"742",2020,50,"4",3.89,"4","1",11,27172.57,0,27172.57,0,2.8,0
"743",2020,50,"4",3.61,"4","1",6,11538.51,0,11538.51,0,0.87,0
"744",2020,50,"4",3.89,"4","7",1,154.15,0,154.15,0,1.09,0
"745",2020,50,"4",4.17,"4","2",1,3434.8,0,3434.8,0,2.17,0
"746",2020,50,"4",4.57,"4","6",11,15764.87,7440.66,7413.64,910.57,0.46,0
"747",2020,50,"4",0,"3","2",3,7121.51,0,0,7121.51,1.23,0
"748",2020,50,"4",3.93,"2","2",5,1305.73,0,0,1305.73,1.66,1
"749",2020,50,"4",0,"3","2",5,11602.39,4678.95,0,6923.44,0.01,0
"750",2020,50,"4",4.57,"4","1",7,14938.28,0,14938.28,0,0.16,1
"751",2020,50,"4",0,"3","2",12,23055.05,0,0,23055.05,0.61,1
"752",2020,50,"4",0,"3","1",4,2842.47,792.46,0,2050.01,0.15,0
"753",2020,50,"4",4.11,"3","6",1,1928.19,1928.19,0,0,3.19,0
"754",2020,50,"4",0,"4","7",6,12174.28,0,12174.28,0,2.2,0
"755",2020,50,"4",0,"4","1",21,48217.88,0,48217.88,0,3.43,1
"756",2020,50,"4",4.44,"2","1",21,30942.66,1558.83,0,29383.83,1.13,1
"757",2020,50,"4",4.11,"4","2",3,5604.36,0,5604.36,0,0.92,0
"758",2020,50,"4",0,"3","1",24,43658.07,661.33,0,42996.73,3.7,1
"759",2020,50,"5",0,"4","4",3,4705.3,0,4705.3,0,3.81,0
"760",2020,50,"4",4.29,"2","2",2,758,0,0,758,1.63,1
"761",2020,50,"1",0,"1","3",16,31493.38,7527.05,0,23966.33,1.8,1
"762",2020,50,"4",3.61,"4","7",1,1961.44,0,1961.44,0,0.85,0
"763",2020,50,"5",0,"4","4",2,2854.27,0,2854.27,0,3.9,0
"764",2017,51,"2",0,"2","3",426,831877.69,74381.2,0,757496.49,0.04,14
"765",2017,51,"4",6.58,"4","1",343,690713.81,27248.55,618192.36,45272.9,2.13,5
"766",2017,51,"2",0,"4","3",15,25377.66,0,25377.66,0,0.18,0
"767",2017,51,"4",6.87,"4","1",210,419330.35,5883.98,404686.4,8759.97,3.86,3
"768",2017,51,"1",0,"1","3",13,23846.96,0,23846.96,0,2.38,0
"769",2017,51,"1",0,"1","4",2,1416.75,0,1416.75,0,2.87,0
"770",2017,51,"1",0,"1","4",1,812.87,0,812.87,0,2.16,0
"771",2017,51,"1",0,"1","4",2,2370.25,0,2370.25,0,1.35,0
"772",2017,51,"1",0,"1","4",2,1988.03,0,1988.03,0,2.27,0
"773",2017,51,"2",0,"3","6",4,3169.52,388.17,0,2781.35,3.5,0
"774",2017,51,"1",0,"1","4",4,5567.02,0,5567.02,0,2.54,0
"775",2017,51,"1",0,"1","4",2,782.95,0,782.95,0,3.2,0
"776",2017,51,"1",0,"1","4",4,4632.37,0,4632.37,0,1.47,0
"777",2017,51,"2",0,"4","4",2,4757.4,0,4757.4,0,3.59,0
"778",2017,51,"1",0,"1","4",13,17680.5,1894.34,15786.16,0,1.59,0
"779",2017,51,"1",0,"1","4",7,2438.82,515.54,1923.28,0,2.36,0
"780",2017,51,"1",0,"1","4",3,2294.84,0,2294.84,0,2.51,0
"781",2017,51,"1",0,"1","3",4,8000.23,0,8000.23,0,1.87,0
"782",2017,51,"1",0,"1","4",2,1215.84,3.97,1211.87,0,2.64,0
"783",2017,51,"1",0,"1","3",4,7369.41,0,7369.41,0,1.72,0
"784",2017,51,"1",0,"1","4",3,610.23,0,610.23,0,2.19,0
"785",2017,51,"5",0,"4","4",7,9762.94,0,9762.94,0,0.36,0
"786",2017,51,"1",0,"1","4",3,379.5,8.07,371.43,0,2.74,0
"787",2017,51,"1",0,"1","4",6,1480.26,0,1480.26,0,3.11,0
"788",2017,51,"1",0,"1","4",2,977.35,0,977.35,0,3.41,0
"789",2017,51,"1",0,"1","4",3,3138.53,3.99,3134.55,0,1.82,0
"790",2017,51,"1",0,"1","4",3,252.43,0,252.43,0,2.82,0
"791",2017,51,"4",0,"3","2",8,16599.66,0,16599.66,0,1.43,0
"792",2017,51,"1",0,"1","3",7,9576.97,240.17,9336.8,0,1.77,0
"793",2017,51,"2",0,"4","3",247,498982.98,58228.23,374758.49,65996.26,3.96,4
"794",2017,51,"1",0,"1","4",7,10486.73,0,10486.73,0,2.89,0
"795",2017,51,"1",0,"1","4",5,3426.36,8.04,3418.33,0,1.79,0
"796",2017,51,"1",0,"1","4",5,14041.25,0,14041.25,0,2.84,0
"797",2017,51,"2",0,"4","3",22,40299.31,3355.53,0,36943.78,3.12,1
"798",2017,51,"1",0,"1","4",2,2248.26,0,2248.26,0,3.04,0
"799",2017,51,"1",0,"1","4",2,2853.72,0,2853.72,0,2.48,0
"800",2017,51,"1",0,"1","3",5,7375.92,0,7375.92,0,2.05,0
"801",2017,51,"5",0,"4","4",3,2070.33,0,2070.33,0,1.32,0
"802",2017,51,"1",0,"1","6",2,927.07,0,927.07,0,3.21,0
"803",2018,51,"4",4.69,"2","1",315,768428.55,0,0,768428.55,3.79,14
"804",2018,51,"2",0,"2","3",903,1789875.18,382628.55,0,1407246.63,3.91,25
"805",2018,51,"4",8.37,"4","1",569,1196458.81,14054.99,1182403.82,0,1.77,9
"806",2018,51,"4",5.9,"4","1",287,541229.01,10935.96,479939.23,50353.82,3.77,5
"807",2018,51,"1",0,"1","3",18,32154.61,2586.65,29567.96,0,2.27,0
"808",2018,51,"4",6.18,"4","1",219,419183.86,5678.66,404745.73,8759.47,3.25,3
"809",2018,51,"2",0,"3","3",18,49001.25,14204.88,0,34796.37,3.76,0
"810",2018,51,"1",0,"1","4",5,1447.19,0,1447.19,0,1.54,0
"811",2018,51,"1",0,"1","4",2,217.1,15.58,201.52,0,1.65,0
"812",2018,51,"2",0,"4","3",13,25839.82,0,25839.82,0,3.5,0
"813",2018,51,"1",0,"1","4",4,835.23,4.03,831.2,0,1.91,0
"814",2018,51,"2",0,"3","3",11,29376.84,0,0,29376.84,3.55,0
"815",2018,51,"1",0,"1","4",3,332.64,0,332.64,0,2.43,0
"816",2018,51,"1",0,"1","4",3,4537.54,506.28,4031.26,0,1.54,0
"817",2018,51,"1",0,"1","4",3,1241.53,0,1241.53,0,1.47,0
"818",2018,51,"4",4.57,"4","2",3,5643.62,2076.18,3567.44,0,1.78,0
"819",2018,51,"1",0,"1","4",4,2177.16,3.98,2173.18,0,2.7,0
"820",2018,51,"1",0,"1","4",3,3174.44,0,3174.44,0,2.23,0
"821",2018,51,"1",0,"1","4",4,782.23,610.32,171.91,0,2.23,0
"822",2018,51,"1",0,"1","4",8,19176.01,0,19176.01,0,2.08,0
"823",2018,51,"4",0,"3","6",8,16106.41,0,16106.41,0,1.63,0
"824",2018,51,"5",0,"4","4",3,1903.95,0,1903.95,0,0.47,0
"825",2018,51,"1",0,"1","3",13,26689.6,0,26689.6,0,2.38,0
"826",2018,51,"1",0,"1","4",1,1940.6,0,1940.6,0,2.26,0
"827",2018,51,"1",0,"1","4",3,4533.22,0,4533.22,0,2.55,0
"828",2018,51,"1",0,"1","3",3,467.76,6.92,460.84,0,1.69,0
"829",2018,51,"1",0,"1","4",2,2262.95,0,2262.95,0,2.16,0
"830",2018,51,"5",0,"4","3",8,8721.62,0,8721.62,0,1.03,0
"831",2018,51,"1",0,"1","3",2,2826.17,0,2826.17,0,1.76,0
"832",2018,51,"1",0,"1","6",5,962.07,3.98,958.09,0,2.77,0
"833",2018,51,"1",0,"1","4",3,1470.57,0,1470.57,0,2.66,0
"834",2018,51,"1",0,"1","4",13,11910.79,1711.39,10199.4,0,2.4,0
"835",2018,51,"1",0,"1","3",4,5716.64,0,5716.64,0,2.07,0
"836",2018,51,"1",0,"1","4",3,2585.99,0,2585.99,0,2.28,0
"837",2018,51,"1",0,"1","4",7,3367.6,59.42,3308.19,0,2.49,0
"838",2018,51,"1",0,"1","4",6,1527.7,0,1527.7,0,2.8,0
"839",2018,51,"1",0,"1","3",8,9811.1,0,9811.1,0,1.56,0
"840",2018,51,"1",0,"1","4",3,2119.07,3.99,2115.08,0,3.47,0
"841",2018,51,"1",0,"1","3",8,11543.73,778.98,10764.75,0,2.55,0
"842",2018,51,"1",0,"1","6",3,3113.55,0,3113.55,0,3.77,0
"843",2018,51,"1",0,"1","3",6,8840.33,0,8840.33,0,2.02,0
"844",2019,51,"4",4.69,"2","1",308,697916.66,0,0,697916.66,1.98,13
"845",2019,51,"4",6.73,"4","1",286,622793.26,6526.08,607566.08,8701.1,0.74,5
"846",2019,51,"4",6.18,"4","1",200,383336.92,5723.91,368853.15,8759.86,1.82,3
"847",2019,51,"4",6.58,"4","1",290,614650.09,6363.01,599802.06,8485.02,1.89,5
"848",2019,51,"1",0,"1","4",20,28494.13,4,28490.13,0,2.71,0
"849",2019,51,"2",0,"4","3",8,17429.83,0,17429.83,0,3.43,0
"850",2019,51,"1",0,"1","3",12,18241.06,1712.69,16528.37,0,2.15,0
"851",2019,51,"1",0,"1","4",4,2299.81,0,2299.81,0,3.02,0
"852",2019,51,"1",0,"1","4",12,14503.03,0,14503.03,0,2.19,0
"853",2019,51,"1",0,"1","6",1,319.21,0,319.21,0,3,0
"854",2019,51,"1",0,"1","4",3,1707.73,0,1707.73,0,2.21,0
"855",2019,51,"1",0,"1","4",3,5522.41,0,5522.41,0,2.58,0
"856",2019,51,"1",0,"1","4",2,122.78,0,122.78,0,1.75,0
"857",2019,51,"5",0,"4","4",1,496.75,0,496.75,0,0.29,0
"858",2019,51,"1",0,"1","4",3,388.1,3,385.1,0,2.7,0
"859",2019,51,"1",0,"1","4",4,4414.51,0,4414.51,0,2.56,0
"860",2019,51,"2",0,"2","3",25,49343.39,3999.87,0,45343.52,3.71,1
"861",2019,51,"2",0,"4","3",3,9492.33,0,9492.33,0,3.72,0
"862",2019,51,"1",0,"1","3",15,22175.56,0,22175.56,0,1.8,0
"863",2019,51,"1",0,"1","4",2,438.48,0,438.48,0,3.17,0
"864",2019,51,"1",0,"1","3",9,4245.44,0,4245.44,0,1.89,0
"865",2019,51,"1",0,"1","4",8,15771.63,2073.4,13698.23,0,3.4,0
"866",2019,51,"1",0,"1","4",1,27.22,0,27.22,0,2.61,0
"867",2019,51,"2",0,"4","3",2,2849.52,0,2849.52,0,3.89,0
"868",2019,51,"1",0,"1","4",4,6515.68,0,6515.68,0,2.74,0
"869",2019,51,"1",0,"1","4",3,9685.62,0,0,9685.62,3,0
"870",2019,51,"1",0,"1","4",3,2726.37,75.07,2651.31,0,3.55,0
"871",2019,51,"1",0,"1","4",3,2539.32,0,2539.32,0,3.42,0
"872",2019,51,"4",4.57,"4","7",3,499.31,40.1,459.2,0,0.84,0
"873",2019,51,"1",0,"1","4",4,1029.2,913.96,115.24,0,3.18,0
"874",2019,51,"1",0,"1","4",4,1601.23,4.01,1597.22,0,2.77,0
"875",2019,51,"1",0,"1","3",3,4777,0,4777,0,2.49,0
"876",2019,51,"1",0,"1","4",4,1902.96,4.01,1898.95,0,3.24,0
"877",2019,51,"1",0,"1","3",4,4535.23,0,4535.23,0,2.35,0
"878",2019,51,"1",0,"1","4",1,6.84,6.84,0,0,3.38,0
"879",2019,51,"1",0,"1","4",8,7861.61,1084.39,6777.22,0,3.64,0
"880",2019,51,"1",0,"1","3",6,2214.32,3.99,2210.33,0,2.69,0
"881",2019,51,"1",0,"1","3",3,4911.96,0,4911.96,0,2.11,0
"882",2019,51,"1",0,"1","3",6,9894.31,0,9894.31,0,1.93,0
"883",2019,51,"1",0,"1","3",2,2682.34,0,2682.34,0,1.83,0
"884",2019,51,"5",0,"4","4",3,1681.42,0,1681.42,0,0.46,0
"885",2020,51,"2",0,"2","3",535,1119011.21,83360.91,0,1035650.3,3.73,19
"886",2020,51,"4",6.8,"4","1",1186,2556938.55,18240.97,2520670.6,18026.98,0.18,18
"887",2020,51,"2",0,"2","3",422,818071.81,87175.7,0,730896.11,3.77,13
"888",2020,51,"5",0,"4","3",20,35057.45,2204.9,25073.89,7778.65,0.04,1
"889",2020,51,"4",5.2,"4","1",236,468731.09,26157.34,442573.75,0,0.46,3
"890",2020,51,"2",0,"3","3",25,6173.55,1988.63,0,4184.92,0.02,0
"891",2020,51,"2",0,"4","3",234,476728.43,63590.19,333559.51,79578.74,3.56,4
"892",2020,51,"2",0,"3","3",60,116859.63,2168.01,0,114691.62,3.68,2
"893",2020,51,"1",0,"1","3",4,6785.83,0,6785.83,0,2.59,0
"894",2020,51,"2",0,"4","3",10,17425.64,8269.74,9155.9,0,3.51,0
"895",2020,51,"1",0,"1","6",8,365.65,3.12,362.53,0,3.18,0
"896",2020,51,"1",0,"1","4",4,3002.19,40.18,2962.02,0,2.1,0
"897",2020,51,"1",0,"1","4",3,2068.5,0,2068.5,0,3.09,0
"898",2020,51,"2",0,"4","3",6,11787.09,0,11787.09,0,3.69,0
"899",2020,51,"1",0,"1","4",5,8919.54,0,8919.54,0,3.2,0
"900",2020,51,"1",0,"1","4",3,269.38,4.99,264.39,0,2.6,0
"901",2020,51,"1",0,"1","4",1,102.66,0,102.66,0,2.12,0
"902",2020,51,"1",0,"1","6",3,389.15,0,389.15,0,2.47,0
"903",2020,51,"1",0,"1","4",1,815.46,0,815.46,0,2.66,0
"904",2020,51,"5",0,"4","4",4,3816.62,0,3816.62,0,1.32,0
"905",2020,51,"2",0,"2","3",6,10413.32,260.33,0,10152.99,0.49,1
"906",2020,51,"1",0,"1","3",3,3426.12,0,3426.12,0,2.12,0
"907",2020,51,"2",0,"3","3",10,25183.77,0,0,25183.77,2.61,0
"908",2020,51,"1",0,"1","4",1,1034.57,0,1034.57,0,2.9,0
"909",2020,51,"1",0,"1","4",3,4661.66,0,4661.66,0,2.32,0
